_id,active,createdDate,lastLogin,role,signUpSource,state
5ff1e194b6a9d73a3a9f1052,TRUE,2021-01-03T15:24:04.800000Z,2021-01-03T15:25:37.857999Z,consumer,Email,WI
5ff1e194b6a9d73a3a9f1052,TRUE,2021-01-03T15:24:04.800000Z,2021-01-03T15:25:37.857999Z,consumer,Email,WI
5ff1e194b6a9d73a3a9f1052,TRUE,2021-01-03T15:24:04.800000Z,2021-01-03T15:25:37.857999Z,consumer,Email,WI
5ff1e1eacfcf6c399c274ae6,TRUE,2021-01-03T15:25:30.554000Z,2021-01-03T15:25:30.596999Z,consumer,Email,WI
5ff1e194b6a9d73a3a9f1052,TRUE,2021-01-03T15:24:04.800000Z,2021-01-03T15:25:37.857999Z,consumer,Email,WI
5ff1e194b6a9d73a3a9f1052,TRUE,2021-01-03T15:24:04.800000Z,2021-01-03T15:25:37.857999Z,consumer,Email,WI
5ff1e1e8cfcf6c399c274ad9,TRUE,2021-01-03T15:25:28.354000Z,2021-01-03T15:25:28.392000Z,consumer,Email,WI
5ff1e1b7cfcf6c399c274a5a,TRUE,2021-01-03T15:24:39.626000Z,2021-01-03T15:24:39.664999Z,consumer,Email,WI
5ff1e194b6a9d73a3a9f1052,TRUE,2021-01-03T15:24:04.800000Z,2021-01-03T15:25:37.857999Z,consumer,Email,WI
5ff1e1f1cfcf6c399c274b0b,TRUE,2021-01-03T15:25:37.564000Z,2021-01-03T15:25:37.599000Z,consumer,Email,WI
5ff1e194b6a9d73a3a9f1052,TRUE,2021-01-03T15:24:04.800000Z,2021-01-03T15:25:37.857999Z,consumer,Email,WI
5ff1e1eacfcf6c399c274ae6,TRUE,2021-01-03T15:25:30.554000Z,2021-01-03T15:25:30.596999Z,consumer,Email,WI
5ff1e194b6a9d73a3a9f1052,TRUE,2021-01-03T15:24:04.800000Z,2021-01-03T15:25:37.857999Z,consumer,Email,WI
5ff1e1eacfcf6c399c274ae6,TRUE,2021-01-03T15:25:30.554000Z,2021-01-03T15:25:30.596999Z,consumer,Email,WI
5ff1e194b6a9d73a3a9f1052,TRUE,2021-01-03T15:24:04.800000Z,2021-01-03T15:25:37.857999Z,consumer,Email,WI
5ff1e194b6a9d73a3a9f1052,TRUE,2021-01-03T15:24:04.800000Z,2021-01-03T15:25:37.857999Z,consumer,Email,WI
5ff1e1e4cfcf6c399c274ac3,TRUE,2021-01-03T15:25:24.656000Z,2021-01-03T15:25:24.694000Z,consumer,Email,WI
5ff1e1b4cfcf6c399c274a54,TRUE,2021-01-03T15:24:36.410000Z,2021-01-03T15:24:36.452000Z,consumer,Email,WI
5ff1e1eacfcf6c399c274ae6,TRUE,2021-01-03T15:25:30.554000Z,2021-01-03T15:25:30.596999Z,consumer,Email,WI
5ff1e194b6a9d73a3a9f1052,TRUE,2021-01-03T15:24:04.800000Z,2021-01-03T15:25:37.857999Z,consumer,Email,WI
5ff370c562fde912123a5e0e,TRUE,2021-01-04T19:47:17.776000Z,2021-01-04T19:50:50.563000Z,consumer,Email,WI
5ff36d0362fde912123a5535,TRUE,2021-01-04T19:31:15.973000Z,2021-01-04T19:34:42.944000Z,consumer,Email,WI
5ff36d83135e7011bcb864d6,TRUE,2021-01-04T19:33:23.244000Z,2021-01-04T19:33:23.424999Z,consumer,Email,WI
5ff36c8862fde912123a538a,TRUE,2021-01-04T19:29:12.943000Z,2021-01-04T19:29:13.140999Z,consumer,Email,WI
5ff370c562fde912123a5e0e,TRUE,2021-01-04T19:47:17.776000Z,2021-01-04T19:50:50.563000Z,consumer,Email,WI
5ff36be7135e7011bcb856d3,TRUE,2021-01-04T19:26:31.239000Z,2021-01-04T19:29:52.726000Z,consumer,Email,WI
5ff36d0362fde912123a5535,TRUE,2021-01-04T19:31:15.973000Z,2021-01-04T19:34:42.944000Z,consumer,Email,WI
5ff36be7135e7011bcb856d3,TRUE,2021-01-04T19:26:31.239000Z,2021-01-04T19:29:52.726000Z,consumer,Email,WI
5ff36a3862fde912123a4460,TRUE,2021-01-04T19:19:20.352000Z,2021-01-04T19:23:05.340000Z,consumer,Email,WI
5ff36d0362fde912123a5535,TRUE,2021-01-04T19:31:15.973000Z,2021-01-04T19:34:42.944000Z,consumer,Email,WI
5ff36c8e135e7011bcb85da4,TRUE,2021-01-04T19:29:18.994000Z,2021-01-04T19:29:19.172999Z,consumer,Email,WI
5ff36a3862fde912123a4460,TRUE,2021-01-04T19:19:20.352000Z,2021-01-04T19:23:05.340000Z,consumer,Email,WI
5ff370c562fde912123a5e0e,TRUE,2021-01-04T19:47:17.776000Z,2021-01-04T19:50:50.563000Z,consumer,Email,WI
5ff36a3862fde912123a4460,TRUE,2021-01-04T19:19:20.352000Z,2021-01-04T19:23:05.340000Z,consumer,Email,WI
5ff36a3862fde912123a4460,TRUE,2021-01-04T19:19:20.352000Z,2021-01-04T19:23:05.340000Z,consumer,Email,WI
5ff370c562fde912123a5e0e,TRUE,2021-01-04T19:47:17.776000Z,2021-01-04T19:50:50.563000Z,consumer,Email,WI
5ff36a3862fde912123a4460,TRUE,2021-01-04T19:19:20.352000Z,2021-01-04T19:23:05.340000Z,consumer,Email,WI
5ff370c562fde912123a5e0e,TRUE,2021-01-04T19:47:17.776000Z,2021-01-04T19:50:50.563000Z,consumer,Email,WI
5ff3711e62fde912123a620e,TRUE,2021-01-04T19:48:46.807000Z,2021-01-04T19:48:46.996999Z,consumer,Email,WI
5ff36be7135e7011bcb856d3,TRUE,2021-01-04T19:26:31.239000Z,2021-01-04T19:29:52.726000Z,consumer,Email,WI
5ff4ce33c3d63511e2a484b6,TRUE,2021-01-05T20:38:11.229000Z,2021-01-05T20:39:55.131000Z,consumer,Email,WI
5ff473e7c1e2d0121a9b2697,TRUE,2021-01-05T14:12:55.669000Z,2021-01-05T14:12:55.876999Z,consumer,Email,WI
5ff47392c3d63511e2a47881,TRUE,2021-01-05T14:11:30.233000Z,2021-01-05T14:15:33.550000Z,consumer,Email,WI
5ff47392c3d63511e2a47881,TRUE,2021-01-05T14:11:30.233000Z,2021-01-05T14:15:33.550000Z,consumer,Email,WI
5ff4ce33c3d63511e2a484b6,TRUE,2021-01-05T20:38:11.229000Z,2021-01-05T20:39:55.131000Z,consumer,Email,WI
5ff4ce91c1e2d0121a9b3057,TRUE,2021-01-05T20:39:45.282000Z,2021-01-05T20:39:45.328999Z,consumer,Email,WI
5ff47392c3d63511e2a47881,TRUE,2021-01-05T14:11:30.233000Z,2021-01-05T14:15:33.550000Z,consumer,Email,WI
5ff4ce3dc3d63511e2a484dc,TRUE,2021-01-05T20:38:21.887000Z,2021-01-05T20:38:21.937999Z,consumer,Email,WI
5ff4ce33c3d63511e2a484b6,TRUE,2021-01-05T20:38:11.229000Z,2021-01-05T20:39:55.131000Z,consumer,Email,WI
5ff4ce3dc3d63511e2a484dc,TRUE,2021-01-05T20:38:21.887000Z,2021-01-05T20:38:21.937999Z,consumer,Email,WI
5ff4ce33c3d63511e2a484b6,TRUE,2021-01-05T20:38:11.229000Z,2021-01-05T20:39:55.131000Z,consumer,Email,WI
5ff47392c3d63511e2a47881,TRUE,2021-01-05T14:11:30.233000Z,2021-01-05T14:15:33.550000Z,consumer,Email,WI
5ff4ce3dc3d63511e2a484dc,TRUE,2021-01-05T20:38:21.887000Z,2021-01-05T20:38:21.937999Z,consumer,Email,WI
5ff4ce3dc3d63511e2a484dc,TRUE,2021-01-05T20:38:21.887000Z,2021-01-05T20:38:21.937999Z,consumer,Email,WI
5ff4ce33c3d63511e2a484b6,TRUE,2021-01-05T20:38:11.229000Z,2021-01-05T20:39:55.131000Z,consumer,Email,WI
5ff4ce34c3d63511e2a484ba,TRUE,2021-01-05T20:38:12.503000Z,2021-01-05T20:38:12.564999Z,consumer,Email,WI
5ff4ce33c3d63511e2a484b6,TRUE,2021-01-05T20:38:11.229000Z,2021-01-05T20:39:55.131000Z,consumer,Email,WI
5ff4ce33c3d63511e2a484b6,TRUE,2021-01-05T20:38:11.229000Z,2021-01-05T20:39:55.131000Z,consumer,Email,WI
5ff4ce3ac1e2d0121a9b2fb3,TRUE,2021-01-05T20:38:18.446000Z,2021-01-05T20:38:18.495000Z,consumer,Email,WI
5ff47392c3d63511e2a47881,TRUE,2021-01-05T14:11:30.233000Z,2021-01-05T14:15:33.550000Z,consumer,Email,WI
5ff5d15aeb7c7d12096d91a2,TRUE,2021-01-06T15:03:54.680000Z,2021-01-06T15:08:10.008999Z,consumer,Email,WI
5ff5d15aeb7c7d12096d91a2,TRUE,2021-01-06T15:03:54.680000Z,2021-01-06T15:08:10.008999Z,consumer,Email,WI
5ff5d15aeb7c7d12096d91a2,TRUE,2021-01-06T15:03:54.680000Z,2021-01-06T15:08:10.008999Z,consumer,Email,WI
5ff5d15aeb7c7d12096d91a2,TRUE,2021-01-06T15:03:54.680000Z,2021-01-06T15:08:10.008999Z,consumer,Email,WI
5ff5d15aeb7c7d12096d91a2,TRUE,2021-01-06T15:03:54.680000Z,2021-01-06T15:08:10.008999Z,consumer,Email,WI
5ff5d15aeb7c7d12096d91a2,TRUE,2021-01-06T15:03:54.680000Z,2021-01-06T15:08:10.008999Z,consumer,Email,WI
5ff5d1a38f142f11dd1886ba,TRUE,2021-01-06T15:05:07.667000Z,2021-01-06T15:05:07.878000Z,consumer,Email,WI
5ff5d15aeb7c7d12096d91a2,TRUE,2021-01-06T15:03:54.680000Z,2021-01-06T15:08:10.008999Z,consumer,Email,WI
5ff5d15aeb7c7d12096d91a2,TRUE,2021-01-06T15:03:54.680000Z,2021-01-06T15:08:10.008999Z,consumer,Email,WI
5ff5d15aeb7c7d12096d91a2,TRUE,2021-01-06T15:03:54.680000Z,2021-01-06T15:08:10.008999Z,consumer,Email,WI
5ff5d15aeb7c7d12096d91a2,TRUE,2021-01-06T15:03:54.680000Z,2021-01-06T15:08:10.008999Z,consumer,Email,WI
5ff5d15aeb7c7d12096d91a2,TRUE,2021-01-06T15:03:54.680000Z,2021-01-06T15:08:10.008999Z,consumer,Email,WI
5ff5d15aeb7c7d12096d91a2,TRUE,2021-01-06T15:03:54.680000Z,2021-01-06T15:08:10.008999Z,consumer,Email,WI
5ff5d15aeb7c7d12096d91a2,TRUE,2021-01-06T15:03:54.680000Z,2021-01-06T15:08:10.008999Z,consumer,Email,WI
5ff5d15aeb7c7d12096d91a2,TRUE,2021-01-06T15:03:54.680000Z,2021-01-06T15:08:10.008999Z,consumer,Email,WI
5ff5d15aeb7c7d12096d91a2,TRUE,2021-01-06T15:03:54.680000Z,2021-01-06T15:08:10.008999Z,consumer,Email,WI
5ff5d1d08f142f11dd18884c,TRUE,2021-01-06T15:05:52.484000Z,2021-01-06T15:05:52.716999Z,consumer,Email,WI
5ff5d15aeb7c7d12096d91a2,TRUE,2021-01-06T15:03:54.680000Z,2021-01-06T15:08:10.008999Z,consumer,Email,WI
5ff5d15aeb7c7d12096d91a2,TRUE,2021-01-06T15:03:54.680000Z,2021-01-06T15:08:10.008999Z,consumer,Email,WI
5ff5d15aeb7c7d12096d91a2,TRUE,2021-01-06T15:03:54.680000Z,2021-01-06T15:08:10.008999Z,consumer,Email,WI
5ff7264e8f142f11dd189504,TRUE,2021-01-07T15:18:38.596000Z,2021-01-07T15:20:26.820999Z,consumer,Email,WI
5ff7401ceb7c7d31ca8a46e0,TRUE,2021-01-07T17:08:44.072000Z,2021-01-07T17:08:44.352000Z,consumer,Email,WI
5ff73bea8f142f3276c3e84a,TRUE,2021-01-07T16:50:50.206000Z,2021-01-07T16:50:50.255000Z,consumer,Email,WI
5ff74f3db3348b11c93361d1,TRUE,2021-01-07T18:13:17.921000Z,2021-01-07T18:17:03.216999Z,consumer,Email,WI
5ff7264e8f142f11dd189504,TRUE,2021-01-07T15:18:38.596000Z,2021-01-07T15:20:26.820999Z,consumer,Email,WI
5ff73b90eb7c7d31ca8a452b,TRUE,2021-01-07T16:49:20.959000Z,2021-01-07T16:51:07.267000Z,consumer,Email,WI
5ff7930fb3348b11c93372a6,TRUE,2021-01-07T23:02:39.759000Z,2021-01-07T23:09:54.656000Z,consumer,Email,WI
5ff7268eeb7c7d12096da2a9,TRUE,2021-01-07T15:19:42.584000Z,2021-01-07T15:19:42.630000Z,consumer,Email,WI
5ff7268eeb7c7d12096da2a9,TRUE,2021-01-07T15:19:42.584000Z,2021-01-07T15:19:42.630000Z,consumer,Email,WI
5ff7264e8f142f11dd189504,TRUE,2021-01-07T15:18:38.596000Z,2021-01-07T15:20:26.820999Z,consumer,Email,WI
5ff7930fb3348b11c93372a6,TRUE,2021-01-07T23:02:39.759000Z,2021-01-07T23:09:54.656000Z,consumer,Email,WI
5ff726a0eb7c7d12096da2db,TRUE,2021-01-07T15:20:00.299000Z,2021-01-07T15:20:00.352999Z,consumer,Email,WI
5ff793dd04929111f6e90c69,TRUE,2021-01-07T23:06:05.503000Z,2021-01-07T23:06:05.680999Z,consumer,Email,WI
5ff7949eb3348b11c93373d2,TRUE,2021-01-07T23:09:18.699000Z,2021-01-07T23:09:18.840000Z,consumer,Email,WI
5ff7268c8f142f11dd189579,TRUE,2021-01-07T15:19:40.196000Z,2021-01-07T15:19:40.243000Z,consumer,Email,WI
5ff73b90eb7c7d31ca8a452b,TRUE,2021-01-07T16:49:20.959000Z,2021-01-07T16:51:07.267000Z,consumer,Email,WI
5ff7264e8f142f11dd189504,TRUE,2021-01-07T15:18:38.596000Z,2021-01-07T15:20:26.820999Z,consumer,Email,WI
5ff616a68f142f11dd189163,TRUE,2021-01-06T19:59:34.996000Z,,consumer,Email,KY
5ff7930fb3348b11c93372a6,TRUE,2021-01-07T23:02:39.759000Z,2021-01-07T23:09:54.656000Z,consumer,Email,WI
5ff79464b3348b11c933738b,TRUE,2021-01-07T23:08:20.153000Z,2021-01-07T23:08:20.300999Z,consumer,Email,WI
5ff8c241b3348b11c93379fc,TRUE,2021-01-08T20:36:17.626000Z,2021-01-08T20:36:17.831000Z,consumer,Email,WI
5ff8ce8504929111f6e913cb,TRUE,2021-01-08T21:28:37.743000Z,2021-01-08T21:29:59.411000Z,consumer,Email,WI
5ff8ce8504929111f6e913cb,TRUE,2021-01-08T21:28:37.743000Z,2021-01-08T21:29:59.411000Z,consumer,Email,WI
5ff873d1b3348b11c9337716,TRUE,2021-01-08T15:01:37.348000Z,2021-01-08T15:03:21.259000Z,consumer,Email,WI
5ff873ef04929111f6e910f0,TRUE,2021-01-08T15:02:07.604000Z,2021-01-08T15:02:07.655000Z,consumer,Email,WI
5ff8c4e8b3348b11c9337a11,TRUE,2021-01-08T20:47:36.724000Z,2021-01-08T20:47:37.088000Z,consumer,Email,WI
5ff873d1b3348b11c9337716,TRUE,2021-01-08T15:01:37.348000Z,2021-01-08T15:03:21.259000Z,consumer,Email,WI
5ff8da28b3348b11c9337ac6,TRUE,2021-01-08T22:18:16.844000Z,2021-01-08T22:19:49.939000Z,consumer,Email,WI
5ff8da7db3348b11c9337b6a,TRUE,2021-01-08T22:19:41.689000Z,2021-01-08T22:19:41.737999Z,consumer,Email,WI
5ff873ddb3348b11c9337733,TRUE,2021-01-08T15:01:49.160000Z,2021-01-08T15:01:49.201999Z,consumer,Email,WI
5ff8a11db3348b11c93378aa,TRUE,2021-01-08T18:14:53.734000Z,2021-01-08T18:14:53.928000Z,consumer,Email,WI
5ff873d1b3348b11c9337716,TRUE,2021-01-08T15:01:37.348000Z,2021-01-08T15:03:21.259000Z,consumer,Email,WI
5ff873d1b3348b11c9337716,TRUE,2021-01-08T15:01:37.348000Z,2021-01-08T15:03:21.259000Z,consumer,Email,WI
5ff873d1b3348b11c9337716,TRUE,2021-01-08T15:01:37.348000Z,2021-01-08T15:03:21.259000Z,consumer,Email,WI
5ff8ce8504929111f6e913cb,TRUE,2021-01-08T21:28:37.743000Z,2021-01-08T21:29:59.411000Z,consumer,Email,WI
5ff8d634b3348b11c9337aa4,TRUE,2021-01-08T22:01:24.238000Z,2021-01-08T22:01:24.518000Z,consumer,Email,WI
5ff8da28b3348b11c9337ac6,TRUE,2021-01-08T22:18:16.844000Z,2021-01-08T22:19:49.939000Z,consumer,Email,WI
5ff8c330b3348b11c9337a04,TRUE,2021-01-08T20:40:16.722000Z,2021-01-08T20:40:16.932999Z,consumer,Email,WI
5ff873ddb3348b11c9337733,TRUE,2021-01-08T15:01:49.160000Z,2021-01-08T15:01:49.201999Z,consumer,Email,WI
5ff8da7eb3348b11c9337b72,TRUE,2021-01-08T22:19:42.704000Z,2021-01-08T22:19:42.748999Z,consumer,Email,WI
5ffcb47d04929111f6e9256c,TRUE,2021-01-11T20:26:37.225000Z,2021-01-11T20:28:21.430000Z,consumer,Email,WI
5ffc8ff9b3348b11c9338896,TRUE,2021-01-11T17:50:49.527000Z,2021-01-11T17:50:49.567000Z,consumer,Email,WI
5ffc8f9704929111f6e922bf,TRUE,2021-01-11T17:49:11.890000Z,2021-01-11T17:50:56.750000Z,consumer,Email,WI
5ffc9001b3348b11c93388b6,TRUE,2021-01-11T17:50:57.375000Z,2021-01-11T17:50:57.415000Z,consumer,Email,WI
5ffc8ff9b3348b11c9338896,TRUE,2021-01-11T17:50:49.527000Z,2021-01-11T17:50:49.567000Z,consumer,Email,WI
5ffc8f9704929111f6e922bf,TRUE,2021-01-11T17:49:11.890000Z,2021-01-11T17:50:56.750000Z,consumer,Email,WI
5ffc8f9704929111f6e922bf,TRUE,2021-01-11T17:49:11.890000Z,2021-01-11T17:50:56.750000Z,consumer,Email,WI
5ffc8ff9b3348b11c9338896,TRUE,2021-01-11T17:50:49.527000Z,2021-01-11T17:50:49.567000Z,consumer,Email,WI
5ffc8ff9b3348b11c9338896,TRUE,2021-01-11T17:50:49.527000Z,2021-01-11T17:50:49.567000Z,consumer,Email,WI
5ffcb4bc04929111f6e92608,TRUE,2021-01-11T20:27:40.225000Z,2021-01-11T20:27:40.264999Z,consumer,Email,WI
5ffc9d87b3348b11c9338920,TRUE,2021-01-11T18:48:39.076000Z,2021-01-11T18:50:13.460999Z,consumer,Email,WI
5ffc8f9704929111f6e922bf,TRUE,2021-01-11T17:49:11.890000Z,2021-01-11T17:50:56.750000Z,consumer,Email,WI
5ffc9d87b3348b11c9338920,TRUE,2021-01-11T18:48:39.076000Z,2021-01-11T18:50:13.460999Z,consumer,Email,WI
5ffcb47d04929111f6e9256c,TRUE,2021-01-11T20:26:37.225000Z,2021-01-11T20:28:21.430000Z,consumer,Email,WI
5ffc9d87b3348b11c9338920,TRUE,2021-01-11T18:48:39.076000Z,2021-01-11T18:50:13.460999Z,consumer,Email,WI
5ffc8f9704929111f6e922bf,TRUE,2021-01-11T17:49:11.890000Z,2021-01-11T17:50:56.750000Z,consumer,Email,WI
5ffcb4bc04929111f6e92608,TRUE,2021-01-11T20:27:40.225000Z,2021-01-11T20:27:40.264999Z,consumer,Email,WI
5ffc8f9704929111f6e922bf,TRUE,2021-01-11T17:49:11.890000Z,2021-01-11T17:50:56.750000Z,consumer,Email,WI
5ffc9d9f04929111f6e92456,TRUE,2021-01-11T18:49:03.920000Z,2021-01-11T18:49:03.964999Z,consumer,Email,WI
5ffca30604929111f6e92525,TRUE,2021-01-11T19:12:06.515000Z,2021-01-11T19:12:06.791000Z,consumer,Email,WI
5fff0f9804929101d0ab0697,TRUE,2021-01-13T15:19:52.446000Z,2021-01-13T15:19:52.678000Z,consumer,Email,WI
5fff0f4fb3348b03eb45abb0,TRUE,2021-01-13T15:18:39.070000Z,2021-01-13T15:22:02.152999Z,consumer,Email,WI
5fff4beedf9ace121f0c17ea,TRUE,2021-01-13T19:37:18.415000Z,2021-01-13T19:41:12.676000Z,consumer,Email,WI
5ffe115404929101d0aaebb2,TRUE,2021-01-12T21:15:00.208000Z,,consumer,Email,AL
5fff55dabd4dff11dda8f5f1,TRUE,2021-01-13T20:19:38.721000Z,2021-01-13T20:23:26.975000Z,consumer,Email,WI
5fff0f4fb3348b03eb45abb0,TRUE,2021-01-13T15:18:39.070000Z,2021-01-13T15:22:02.152999Z,consumer,Email,WI
5fff55dabd4dff11dda8f5f1,TRUE,2021-01-13T20:19:38.721000Z,2021-01-13T20:23:26.975000Z,consumer,Email,WI
5fff4beedf9ace121f0c17ea,TRUE,2021-01-13T19:37:18.415000Z,2021-01-13T19:41:12.676000Z,consumer,Email,WI
5ffe115404929101d0aaebb2,TRUE,2021-01-12T21:15:00.208000Z,,consumer,Email,AL
5fff26bab3348b03eb45bb22,TRUE,2021-01-13T16:58:34.027000Z,2021-01-13T16:58:34.075000Z,consumer,Email,WI
5fff55dabd4dff11dda8f5f1,TRUE,2021-01-13T20:19:38.721000Z,2021-01-13T20:23:26.975000Z,consumer,Email,WI
5fff0f4fb3348b03eb45abb0,TRUE,2021-01-13T15:18:39.070000Z,2021-01-13T15:22:02.152999Z,consumer,Email,WI
5fff55dabd4dff11dda8f5f1,TRUE,2021-01-13T20:19:38.721000Z,2021-01-13T20:23:26.975000Z,consumer,Email,WI
5fff55dabd4dff11dda8f5f1,TRUE,2021-01-13T20:19:38.721000Z,2021-01-13T20:23:26.975000Z,consumer,Email,WI
5fff4c7461ffa811fdb0854c,TRUE,2021-01-13T19:39:32.913000Z,2021-01-13T19:39:33.163000Z,consumer,Email,WI
5fff26bfb3348b03eb45bb32,TRUE,2021-01-13T16:58:39.411000Z,2021-01-13T16:58:39.463000Z,consumer,Email,WI
5fff55dabd4dff11dda8f5f1,TRUE,2021-01-13T20:19:38.721000Z,2021-01-13T20:23:26.975000Z,consumer,Email,WI
5fff0f4fb3348b03eb45abb0,TRUE,2021-01-13T15:18:39.070000Z,2021-01-13T15:22:02.152999Z,consumer,Email,WI
5fff26f2b3348b03eb45bbb9,TRUE,2021-01-13T16:59:30.518000Z,2021-01-13T16:59:30.567000Z,consumer,Email,WI
5fff55dabd4dff11dda8f5f1,TRUE,2021-01-13T20:19:38.721000Z,2021-01-13T20:23:26.975000Z,consumer,Email,WI
6000d4bae2571211db395b9f,TRUE,2021-01-14T23:33:14.861000Z,2021-01-14T23:33:14.903000Z,consumer,Email,WI
600056a3f7e5b011fce897b0,TRUE,2021-01-14T14:35:15.207000Z,2021-01-14T14:37:10.767000Z,consumer,Email,WI
600056a3f7e5b011fce897b0,TRUE,2021-01-14T14:35:15.207000Z,2021-01-14T14:37:10.767000Z,consumer,Email,WI
600056a3f7e5b011fce897b0,TRUE,2021-01-14T14:35:15.207000Z,2021-01-14T14:37:10.767000Z,consumer,Email,WI
6000d46cfb296c121a81b20c,TRUE,2021-01-14T23:31:56.665000Z,2021-01-14T23:33:52.700999Z,consumer,Email,WI
6000b7aefb296c121a8198b1,TRUE,2021-01-14T21:29:18.188000Z,2021-01-14T21:33:22.665999Z,consumer,Email,WI
60005709bd4dff11dda90ac1,TRUE,2021-01-14T14:36:57.988000Z,2021-01-14T14:36:58.051000Z,consumer,Email,WI
6000b7aefb296c121a8198b1,TRUE,2021-01-14T21:29:18.188000Z,2021-01-14T21:33:22.665999Z,consumer,Email,WI
600056a3f7e5b011fce897b0,TRUE,2021-01-14T14:35:15.207000Z,2021-01-14T14:37:10.767000Z,consumer,Email,WI
6000b7aefb296c121a8198b1,TRUE,2021-01-14T21:29:18.188000Z,2021-01-14T21:33:22.665999Z,consumer,Email,WI
5e27526d0bdb6a138c32b556,TRUE,2020-01-21T19:35:09.795000Z,,consumer,Google,WI
600056a3f7e5b011fce897b0,TRUE,2021-01-14T14:35:15.207000Z,2021-01-14T14:37:10.767000Z,consumer,Email,WI
6000d46cfb296c121a81b20c,TRUE,2021-01-14T23:31:56.665000Z,2021-01-14T23:33:52.700999Z,consumer,Email,WI
6000d4abe2571211db395b5c,TRUE,2021-01-14T23:32:59.197000Z,2021-01-14T23:32:59.248000Z,consumer,Email,WI
600056d6bd4dff11dda90a3f,TRUE,2021-01-14T14:36:06.157000Z,2021-01-14T14:36:06.208000Z,consumer,Email,WI
60005704bd4dff11dda90a9d,TRUE,2021-01-14T14:36:52.368000Z,2021-01-14T14:36:52.417999Z,consumer,Email,WI
600056a3f7e5b011fce897b0,TRUE,2021-01-14T14:35:15.207000Z,2021-01-14T14:37:10.767000Z,consumer,Email,WI
600056a3f7e5b011fce897b0,TRUE,2021-01-14T14:35:15.207000Z,2021-01-14T14:37:10.767000Z,consumer,Email,WI
600056a3f7e5b011fce897b0,TRUE,2021-01-14T14:35:15.207000Z,2021-01-14T14:37:10.767000Z,consumer,Email,WI
60005709bd4dff11dda90ac1,TRUE,2021-01-14T14:36:57.988000Z,2021-01-14T14:36:58.051000Z,consumer,Email,WI
6002475cfb296c121a81b98d,TRUE,2021-01-16T01:54:36.571000Z,,consumer,Email,WI
60024f24e257124ec6b99a13,TRUE,2021-01-16T02:27:49.345000Z,,consumer,Email,WI
60037329e257124ec6b99eeb,TRUE,2021-01-16T23:13:45.574000Z,,consumer,Email,WI
6000b75bbe5fc96dfee1d4d3,TRUE,2021-01-14T21:27:55.938000Z,,consumer,Email,AL
6002541ae257124ec6b99a3a,TRUE,2021-01-16T02:48:58.736000Z,,consumer,Email,WI
6000b75bbe5fc96dfee1d4d3,TRUE,2021-01-14T21:27:55.938000Z,,consumer,Email,AL
600258dafb296c4ef805d9b7,TRUE,2021-01-16T03:09:14.959000Z,,consumer,Email,WI
60025c65fb296c4ef805d9e6,TRUE,2021-01-16T03:24:21.980000Z,,consumer,Email,WI
60037005e257124ec6b99ec2,TRUE,2021-01-16T23:00:21.504000Z,,consumer,Email,WI
60025c65fb296c4ef805d9e6,TRUE,2021-01-16T03:24:21.980000Z,,consumer,Email,WI
6000b75bbe5fc96dfee1d4d3,TRUE,2021-01-14T21:27:55.938000Z,,consumer,Email,AL
6000b75bbe5fc96dfee1d4d3,TRUE,2021-01-14T21:27:55.938000Z,,consumer,Email,AL
60025c65fb296c4ef805d9e6,TRUE,2021-01-16T03:24:21.980000Z,,consumer,Email,WI
6000b75bbe5fc96dfee1d4d3,TRUE,2021-01-14T21:27:55.938000Z,,consumer,Email,AL
6000b75bbe5fc96dfee1d4d3,TRUE,2021-01-14T21:27:55.938000Z,,consumer,Email,AL
60023de5fb296c121a81b955,TRUE,2021-01-16T01:14:13.653000Z,,consumer,Email,CO
6002541ae257124ec6b99a3a,TRUE,2021-01-16T02:48:58.736000Z,,consumer,Email,WI
60049cdce257124ec6b9a353,TRUE,2021-01-17T20:23:56.994000Z,,consumer,Email,WI
60025fe0e257124ec6b99a87,TRUE,2021-01-16T03:39:13.154000Z,,consumer,Email,WI
600498c4e257124ec6b9a331,TRUE,2021-01-17T20:06:29.321000Z,,consumer,Email,WI
6004a5d3fb296c4ef805e256,TRUE,2021-01-17T21:02:11.432000Z,,consumer,Email,WI
60037a94fb296c4ef805ddbe,TRUE,2021-01-16T23:45:25.319000Z,,consumer,Email,WI
600495c3fb296c4ef805e1fc,TRUE,2021-01-17T19:53:39.356000Z,,consumer,Email,WI
6004a965e257124ec6b9a39f,TRUE,2021-01-17T21:17:25.327000Z,,consumer,Email,WI
6007464b6e64691717e8c1f0,TRUE,2021-01-19T20:51:23.347000Z,2021-01-19T20:55:08.492000Z,consumer,Email,WI
6007464b6e64691717e8c1f0,TRUE,2021-01-19T20:51:23.347000Z,2021-01-19T20:55:08.492000Z,consumer,Email,WI
600741d06e6469120a787853,TRUE,2021-01-19T20:32:17.000000Z,2021-01-19T20:39:03.299000Z,consumer,Email,WI
600748196e64691717e8d4f0,TRUE,2021-01-19T20:59:05.175000Z,2021-01-19T21:02:42.824000Z,consumer,Email,WI
600746fd6e64691717e8cfb5,TRUE,2021-01-19T20:54:21.274000Z,2021-01-19T20:54:21.487000Z,consumer,Email,WI
60074b49325c8a1794623876,TRUE,2021-01-19T21:12:41.649000Z,2021-01-19T21:16:09.332000Z,consumer,Email,WI
60074b49325c8a1794623876,TRUE,2021-01-19T21:12:41.649000Z,2021-01-19T21:16:09.332000Z,consumer,Email,WI
60074b996e64691717e8f11a,TRUE,2021-01-19T21:14:01.809000Z,2021-01-19T21:14:02.009999Z,consumer,Email,WI
600748196e64691717e8d4f0,TRUE,2021-01-19T20:59:05.175000Z,2021-01-19T21:02:42.824000Z,consumer,Email,WI
600741d06e6469120a787853,TRUE,2021-01-19T20:32:17.000000Z,2021-01-19T20:39:03.299000Z,consumer,Email,WI
600741d06e6469120a787853,TRUE,2021-01-19T20:32:17.000000Z,2021-01-19T20:39:03.299000Z,consumer,Email,WI
600741d06e6469120a787853,TRUE,2021-01-19T20:32:17.000000Z,2021-01-19T20:39:03.299000Z,consumer,Email,WI
600741d06e6469120a787853,TRUE,2021-01-19T20:32:17.000000Z,2021-01-19T20:39:03.299000Z,consumer,Email,WI
600748196e64691717e8d4f0,TRUE,2021-01-19T20:59:05.175000Z,2021-01-19T21:02:42.824000Z,consumer,Email,WI
600741d06e6469120a787853,TRUE,2021-01-19T20:32:17.000000Z,2021-01-19T20:39:03.299000Z,consumer,Email,WI
6007464b6e64691717e8c1f0,TRUE,2021-01-19T20:51:23.347000Z,2021-01-19T20:55:08.492000Z,consumer,Email,WI
600748196e64691717e8d4f0,TRUE,2021-01-19T20:59:05.175000Z,2021-01-19T21:02:42.824000Z,consumer,Email,WI
60074246325c8a12289e22a0,TRUE,2021-01-19T20:34:15.284000Z,2021-01-19T20:34:15.511000Z,consumer,Email,WI
60074883325c8a1794622a12,TRUE,2021-01-19T21:00:51.464000Z,2021-01-19T21:00:51.660000Z,consumer,Email,WI
6006f786fb296c7f688530f8,TRUE,2021-01-19T15:15:18.644000Z,,consumer,Email,AL
60088d55633aab121bb8e41a,TRUE,2021-01-20T20:06:45.740000Z,2021-01-20T20:07:54.542000Z,consumer,Email,WI
6008893b633aab121bb8e0a9,TRUE,2021-01-20T19:49:15.040000Z,2021-01-20T19:50:33.204999Z,consumer,Email,WI
6008893b633aab121bb8e0a9,TRUE,2021-01-20T19:49:15.040000Z,2021-01-20T19:50:33.204999Z,consumer,Email,WI
60083a1e325c8a17946255de,TRUE,2021-01-20T14:11:42.022000Z,2021-01-20T14:15:04.611000Z,consumer,Email,WI
6008896c633aab121bb8e11d,TRUE,2021-01-20T19:50:04.439000Z,,consumer,Email,WI
60086a09b6310511daa4e1e9,TRUE,2021-01-20T17:36:09.747000Z,2021-01-20T17:36:10.044999Z,consumer,Email,WI
60088d55633aab121bb8e41a,TRUE,2021-01-20T20:06:45.740000Z,2021-01-20T20:07:54.542000Z,consumer,Email,WI
60088e5d633aab121bb8e5cf,TRUE,2021-01-20T20:11:09.989000Z,2021-01-20T20:11:10.035000Z,consumer,Email,WI
60085b3dbe5fc90ee6a67b11,TRUE,2021-01-20T16:33:01.152000Z,2021-01-20T16:36:54.992999Z,consumer,Email,WI
60088e44b6310511daa4ef80,TRUE,2021-01-20T20:10:44.695000Z,2021-01-20T20:11:55.932000Z,consumer,Email,WI
6008893b633aab121bb8e0a9,TRUE,2021-01-20T19:49:15.040000Z,2021-01-20T19:50:33.204999Z,consumer,Email,WI
6008893b633aab121bb8e0a9,TRUE,2021-01-20T19:49:15.040000Z,2021-01-20T19:50:33.204999Z,consumer,Email,WI
60088d84633aab121bb8e4a6,TRUE,2021-01-20T20:07:32.034000Z,2021-01-20T20:07:32.079000Z,consumer,Email,WI
6008873eb6310511daa4e8eb,TRUE,2021-01-20T19:40:46.148000Z,2021-01-20T19:42:58.792999Z,consumer,Email,WI
60086978633aab121bb8c895,TRUE,2021-01-20T17:33:44.062000Z,2021-01-20T17:37:31.188999Z,consumer,Email,WI
60088a25b6310511daa4ec42,TRUE,2021-01-20T19:53:09.274000Z,2021-01-20T19:54:22.851000Z,consumer,Email,WI
6008622ebe5fc9247bab4eb9,FALSE,2021-01-20T17:02:38.662000Z,2021-01-20T17:02:38.931000Z,consumer,Email,WI
6008893b633aab121bb8e0a9,TRUE,2021-01-20T19:49:15.040000Z,2021-01-20T19:50:33.204999Z,consumer,Email,WI
6008897ab6310511daa4ebdc,TRUE,2021-01-20T19:50:18.469000Z,2021-01-20T19:50:18.526000Z,consumer,Email,WI
60088a46b6310511daa4ec97,TRUE,2021-01-20T19:53:42.902000Z,2021-01-20T19:53:42.948000Z,consumer,Email,WI
600987d77d983a11f63cfa92,TRUE,2021-01-21T13:55:35.327000Z,2021-01-21T13:59:21.063000Z,consumer,Email,WI
600987d77d983a11f63cfa92,TRUE,2021-01-21T13:55:35.327000Z,2021-01-21T13:59:21.063000Z,consumer,Email,WI
600987d77d983a11f63cfa92,TRUE,2021-01-21T13:55:35.327000Z,2021-01-21T13:59:21.063000Z,consumer,Email,WI
6008f02fb6310511daa4f314,TRUE,2021-01-21T03:08:31.692000Z,,consumer,Email,IL
600988557d983a11f63d08ef,TRUE,2021-01-21T13:57:41.269000Z,2021-01-21T13:57:41.484999Z,consumer,Email,WI
6009885c50b33111fd61eee9,TRUE,2021-01-21T13:57:48.490000Z,2021-01-21T13:57:48.697999Z,consumer,Email,WI
600987d77d983a11f63cfa92,TRUE,2021-01-21T13:55:35.327000Z,2021-01-21T13:59:21.063000Z,consumer,Email,WI
6009e60450b3311194385009,TRUE,2021-01-21T20:37:25.244000Z,,consumer,Email,WI
6009e60450b3311194385009,TRUE,2021-01-21T20:37:25.244000Z,,consumer,Email,WI
6008d447b6310511daa4f281,TRUE,2021-01-21T01:09:27.425000Z,,consumer,Email,WI
6009e60450b3311194385009,TRUE,2021-01-21T20:37:25.244000Z,,consumer,Email,WI
600987d77d983a11f63cfa92,TRUE,2021-01-21T13:55:35.327000Z,2021-01-21T13:59:21.063000Z,consumer,Email,WI
60099c1450b33111fd61f702,TRUE,2021-01-21T15:21:56.507000Z,,consumer,Email,WI
600987d77d983a11f63cfa92,TRUE,2021-01-21T13:55:35.327000Z,2021-01-21T13:59:21.063000Z,consumer,Email,WI
6008e9cdb6310511daa4f2e4,TRUE,2021-01-21T02:41:17.264000Z,,consumer,Email,IL
600987d77d983a11f63cfa92,TRUE,2021-01-21T13:55:35.327000Z,2021-01-21T13:59:21.063000Z,consumer,Email,WI
600a03e17d983a124e9adb0f,TRUE,2021-01-21T22:44:49.842000Z,,consumer,Email,WI
600987d77d983a11f63cfa92,TRUE,2021-01-21T13:55:35.327000Z,2021-01-21T13:59:21.063000Z,consumer,Email,WI
600987d77d983a11f63cfa92,TRUE,2021-01-21T13:55:35.327000Z,2021-01-21T13:59:21.063000Z,consumer,Email,WI
600992d17d983a11f63d11ad,TRUE,2021-01-21T14:42:25.107000Z,,consumer,Email,WI
600b477e7d983a124e9ae061,TRUE,2021-01-22T21:45:34.904000Z,,consumer,Email,WI
600f008f4329897eac237bd8,TRUE,2021-01-25T17:31:59.409000Z,2021-01-25T17:35:51.918000Z,consumer,Email,WI
600f008f4329897eac237bd8,TRUE,2021-01-25T17:31:59.409000Z,2021-01-25T17:35:51.918000Z,consumer,Email,WI
600f008f4329897eac237bd8,TRUE,2021-01-25T17:31:59.409000Z,2021-01-25T17:35:51.918000Z,consumer,Email,WI
600ed4815edb7811cde6b50b,TRUE,2021-01-25T14:24:01.806000Z,2021-01-25T14:24:02.036000Z,consumer,Email,WI
600f008f4329897eac237bd8,TRUE,2021-01-25T17:31:59.409000Z,2021-01-25T17:35:51.918000Z,consumer,Email,WI
600f41b2bd196811e68ea219,TRUE,2021-01-25T22:09:55.031000Z,2021-01-25T22:16:29.531000Z,consumer,Email,WI
600f20c15edb787dce060911,TRUE,2021-01-25T19:49:21.843000Z,,consumer,Email,WI
600f47f06fd0dc1768a34a12,TRUE,2021-01-25T22:36:32.551000Z,2021-01-25T22:40:13.980999Z,consumer,Email,WI
600ed42e43298911ce45d1fa,TRUE,2021-01-25T14:22:39.286000Z,2021-01-25T14:29:24.969999Z,consumer,Email,WI
600ed42e43298911ce45d1fa,TRUE,2021-01-25T14:22:39.286000Z,2021-01-25T14:29:24.969999Z,consumer,Email,WI
600f41b2bd196811e68ea219,TRUE,2021-01-25T22:09:55.031000Z,2021-01-25T22:16:29.531000Z,consumer,Email,WI
600ed42e43298911ce45d1fa,TRUE,2021-01-25T14:22:39.286000Z,2021-01-25T14:29:24.969999Z,consumer,Email,WI
600f008f4329897eac237bd8,TRUE,2021-01-25T17:31:59.409000Z,2021-01-25T17:35:51.918000Z,consumer,Email,WI
600f008f4329897eac237bd8,TRUE,2021-01-25T17:31:59.409000Z,2021-01-25T17:35:51.918000Z,consumer,Email,WI
600eea525edb7811cde6c81c,TRUE,2021-01-25T15:57:07.029000Z,,consumer,Email,WI
600f008f4329897eac237bd8,TRUE,2021-01-25T17:31:59.409000Z,2021-01-25T17:35:51.918000Z,consumer,Email,WI
600ed48a5edb7811cde6b549,TRUE,2021-01-25T14:24:10.969000Z,2021-01-25T14:24:11.192999Z,consumer,Email,WI
600f47f06fd0dc1768a34a12,TRUE,2021-01-25T22:36:32.551000Z,2021-01-25T22:40:13.980999Z,consumer,Email,WI
600f47f06fd0dc1768a34a12,TRUE,2021-01-25T22:36:32.551000Z,2021-01-25T22:40:13.980999Z,consumer,Email,WI
600ed42e43298911ce45d1fa,TRUE,2021-01-25T14:22:39.286000Z,2021-01-25T14:29:24.969999Z,consumer,Email,WI
600fb1ac73c60b12049027bb,TRUE,2021-01-26T06:07:40.879000Z,2021-01-26T06:11:23.950000Z,consumer,Email,WI
600fb1ac73c60b12049027bb,TRUE,2021-01-26T06:07:40.879000Z,2021-01-26T06:11:23.950000Z,consumer,Email,WI
600fb1ac73c60b12049027bb,TRUE,2021-01-26T06:07:40.879000Z,2021-01-26T06:11:23.950000Z,consumer,Email,WI
600fb1ac73c60b12049027bb,TRUE,2021-01-26T06:07:40.879000Z,2021-01-26T06:11:23.950000Z,consumer,Email,WI
600fb1ac73c60b12049027bb,TRUE,2021-01-26T06:07:40.879000Z,2021-01-26T06:11:23.950000Z,consumer,Email,WI
600fb1ec73c60b1204902af4,TRUE,2021-01-26T06:08:44.058000Z,2021-01-26T06:08:44.267000Z,consumer,Email,WI
600fb1ac73c60b12049027bb,TRUE,2021-01-26T06:07:40.879000Z,2021-01-26T06:11:23.950000Z,consumer,Email,WI
600fb1ac73c60b12049027bb,TRUE,2021-01-26T06:07:40.879000Z,2021-01-26T06:11:23.950000Z,consumer,Email,WI
600fb1ac73c60b12049027bb,TRUE,2021-01-26T06:07:40.879000Z,2021-01-26T06:11:23.950000Z,consumer,Email,WI
600fb1ac73c60b12049027bb,TRUE,2021-01-26T06:07:40.879000Z,2021-01-26T06:11:23.950000Z,consumer,Email,WI
600fb1ac73c60b12049027bb,TRUE,2021-01-26T06:07:40.879000Z,2021-01-26T06:11:23.950000Z,consumer,Email,WI
600fb1ac73c60b12049027bb,TRUE,2021-01-26T06:07:40.879000Z,2021-01-26T06:11:23.950000Z,consumer,Email,WI
600fb1e4a4b74c120bd18777,TRUE,2021-01-26T06:08:36.799000Z,2021-01-26T06:08:37.094000Z,consumer,Email,WI
600fb1ac73c60b12049027bb,TRUE,2021-01-26T06:07:40.879000Z,2021-01-26T06:11:23.950000Z,consumer,Email,WI
600fb1ac73c60b12049027bb,TRUE,2021-01-26T06:07:40.879000Z,2021-01-26T06:11:23.950000Z,consumer,Email,WI
600fb1ac73c60b12049027bb,TRUE,2021-01-26T06:07:40.879000Z,2021-01-26T06:11:23.950000Z,consumer,Email,WI
600fb1ac73c60b12049027bb,TRUE,2021-01-26T06:07:40.879000Z,2021-01-26T06:11:23.950000Z,consumer,Email,WI
600fb1ac73c60b12049027bb,TRUE,2021-01-26T06:07:40.879000Z,2021-01-26T06:11:23.950000Z,consumer,Email,WI
6011f33173c60b1804ce1102,TRUE,2021-01-27T23:11:45.991000Z,2021-01-27T23:11:46.040000Z,consumer,Email,WI
6011f43ba4b74c18d3a8ca01,TRUE,2021-01-27T23:16:11.933000Z,2021-01-27T23:16:12.023000Z,consumer,Email,WI
6011f31ea4b74c18d3a8c476,TRUE,2021-01-27T23:11:26.702000Z,2021-01-27T23:16:11.198000Z,consumer,Email,WI
6011f31ea4b74c18d3a8c476,TRUE,2021-01-27T23:11:26.702000Z,2021-01-27T23:16:11.198000Z,consumer,Email,WI
6011f31ea4b74c18d3a8c476,TRUE,2021-01-27T23:11:26.702000Z,2021-01-27T23:16:11.198000Z,consumer,Email,WI
6011f42773c60b1804ce1607,TRUE,2021-01-27T23:15:51.961000Z,2021-01-27T23:15:52.006000Z,consumer,Email,WI
60118bcfa4b74c18d3a8c0d7,TRUE,2021-01-27T15:50:39.664000Z,2021-01-27T15:52:41.503000Z,consumer,Email,WI
6010be65a4b74c120bd19edc,TRUE,2021-01-27T01:14:13.600000Z,2021-01-27T01:14:13.644000Z,consumer,Email,WI
6010bddaa4b74c120bd19dfb,TRUE,2021-01-27T01:11:54.997000Z,2021-01-27T01:14:25.032000Z,consumer,Email,WI
60118c0fa4b74c18d3a8c151,TRUE,2021-01-27T15:51:43.511000Z,2021-01-27T15:51:43.566000Z,consumer,Email,WI
6011f33173c60b1804ce1102,TRUE,2021-01-27T23:11:45.991000Z,2021-01-27T23:11:46.040000Z,consumer,Email,WI
6010bddaa4b74c120bd19dfb,TRUE,2021-01-27T01:11:54.997000Z,2021-01-27T01:14:25.032000Z,consumer,Email,WI
6011f33173c60b1804ce1102,TRUE,2021-01-27T23:11:45.991000Z,2021-01-27T23:11:46.040000Z,consumer,Email,WI
60118bcfa4b74c18d3a8c0d7,TRUE,2021-01-27T15:50:39.664000Z,2021-01-27T15:52:41.503000Z,consumer,Email,WI
6010bddaa4b74c120bd19dfb,TRUE,2021-01-27T01:11:54.997000Z,2021-01-27T01:14:25.032000Z,consumer,Email,WI
60118bcfa4b74c18d3a8c0d7,TRUE,2021-01-27T15:50:39.664000Z,2021-01-27T15:52:41.503000Z,consumer,Email,WI
6011f31ea4b74c18d3a8c476,TRUE,2021-01-27T23:11:26.702000Z,2021-01-27T23:16:11.198000Z,consumer,Email,WI
6010be6673c60b12049040ef,TRUE,2021-01-27T01:14:14.981000Z,2021-01-27T01:14:15.028000Z,consumer,Email,WI
6011f33173c60b1804ce1102,TRUE,2021-01-27T23:11:45.991000Z,2021-01-27T23:11:46.040000Z,consumer,Email,WI
6010be6173c60b12049040d7,TRUE,2021-01-27T01:14:09.100000Z,2021-01-27T01:14:09.163000Z,consumer,Email,WI
60132acb73c60b3ca7f3ba32,TRUE,2021-01-28T21:21:15.898000Z,2021-01-28T21:25:01.904000Z,consumer,Email,WI
60132acb73c60b3ca7f3ba32,TRUE,2021-01-28T21:21:15.898000Z,2021-01-28T21:25:01.904000Z,consumer,Email,WI
600f00d05edb787dce05fb84,TRUE,2021-01-25T17:33:04.549000Z,,consumer,Email,WI
60132acb73c60b3ca7f3ba32,TRUE,2021-01-28T21:21:15.898000Z,2021-01-28T21:25:01.904000Z,consumer,Email,WI
600f00d05edb787dce05fb84,TRUE,2021-01-25T17:33:04.549000Z,,consumer,Email,WI
60132b85a4b74c3cbc516295,TRUE,2021-01-28T21:24:21.761000Z,2021-01-28T21:24:21.912999Z,consumer,Email,WI
60132b8b73c60b3ca7f3baee,TRUE,2021-01-28T21:24:27.222000Z,2021-01-28T21:24:27.387000Z,consumer,Email,WI
600f19914329897eac238fef,TRUE,2021-01-25T19:18:41.390000Z,,consumer,Email,WI
6014558767804a1228b20d00,TRUE,2021-01-29T18:35:51.391000Z,2021-01-29T18:35:51.433999Z,consumer,Email,WI
601465c567804a1228b20f89,TRUE,2021-01-29T19:45:09.523000Z,2021-01-29T19:45:09.567000Z,consumer,Email,WI
60145a3c84231211ce796c5d,TRUE,2021-01-29T18:55:56.507000Z,2021-01-29T18:58:36.699000Z,consumer,Email,WI
6014499c67804a1228b1f5b0,TRUE,2021-01-29T17:45:00.842000Z,2021-01-29T18:00:01.464000Z,consumer,Email,WI
600f35015edb782098e2ac1b,TRUE,2021-01-25T21:15:46.246000Z,,consumer,Email,WI
60147001c8b50e11d8453c36,TRUE,2021-01-29T20:28:49.403000Z,2021-01-29T20:28:49.622000Z,consumer,Email,WI
60145a5584231211ce796cac,TRUE,2021-01-29T18:56:21.484000Z,2021-01-29T18:56:21.542000Z,consumer,Email,WI
6014558767804a1228b20d00,TRUE,2021-01-29T18:35:51.391000Z,2021-01-29T18:35:51.433999Z,consumer,Email,WI
6014319173c60b3ca7f3bf01,TRUE,2021-01-29T16:02:25.330000Z,2021-01-29T16:05:28.918000Z,consumer,Email,WI
6014558467804a1228b20cf0,TRUE,2021-01-29T18:35:48.060000Z,2021-01-29T18:35:48.132999Z,consumer,Email,WI
6014485b84231211ce793d79,TRUE,2021-01-29T17:39:39.324000Z,2021-01-29T17:43:11.936999Z,consumer,Email,WI
601431c173c60b3ca7f3bf63,TRUE,2021-01-29T16:03:13.318000Z,2021-01-29T16:03:13.361999Z,consumer,Email,WI
601465a884231211ce796db3,TRUE,2021-01-29T19:44:40.680000Z,2021-01-29T19:44:40.758000Z,consumer,Email,WI
60145ff384231211ce796d51,TRUE,2021-01-29T19:20:19.722000Z,,consumer,Email,
60146f2ac8b50e11d8452661,TRUE,2021-01-29T20:25:14.221000Z,2021-01-29T20:29:08.512000Z,consumer,Email,WI
60145a3c84231211ce796c5d,TRUE,2021-01-29T18:55:56.507000Z,2021-01-29T18:58:36.699000Z,consumer,Email,WI
6014658e67804a1228b20ef4,TRUE,2021-01-29T19:44:14.197000Z,2021-01-29T19:46:07.347000Z,consumer,Email,WI
601442ce67804a1228b1dc41,TRUE,2021-01-29T17:15:58.195000Z,2021-01-29T17:18:54.023000Z,consumer,Email,WI
601465a584231211ce796da5,TRUE,2021-01-29T19:44:37.376000Z,2021-01-29T19:44:37.436999Z,consumer,Email,WI
60145ff384231211ce796d51,TRUE,2021-01-29T19:20:19.722000Z,,consumer,Email,
60147d2ac8b50e11d8453f53,TRUE,2021-01-29T21:24:58.184000Z,,consumer,Email,OH
60147d2ac8b50e11d8453f53,TRUE,2021-01-29T21:24:58.184000Z,,consumer,Email,OH
601890a99a1b091205b61ced,TRUE,2021-02-01T23:37:13.079000Z,2021-02-01T23:37:13.126000Z,consumer,Email,WI
60183090c8b50e11d84549c0,TRUE,2021-02-01T16:47:12.843000Z,2021-02-01T16:48:32.031000Z,consumer,Email,WI
60183090c8b50e11d84549c0,TRUE,2021-02-01T16:47:12.843000Z,2021-02-01T16:48:32.031000Z,consumer,Email,WI
60147d2ac8b50e11d8453f53,TRUE,2021-01-29T21:24:58.184000Z,,consumer,Email,OH
60182f4ac8b50e11d8454946,TRUE,2021-02-01T16:41:46.573000Z,2021-02-01T16:41:46.615000Z,consumer,Email,WI
60182d6dc8b50e11d84547b2,TRUE,2021-02-01T16:33:49.873000Z,2021-02-01T16:36:01.759000Z,consumer,Email,WI
60147d2ac8b50e11d8453f53,TRUE,2021-01-29T21:24:58.184000Z,,consumer,Email,OH
60183c579a1b091205b61a5f,TRUE,2021-02-01T17:37:27.795000Z,2021-02-01T17:39:27.811000Z,consumer,Email,WI
60147d2ac8b50e11d8453f53,TRUE,2021-01-29T21:24:58.184000Z,,consumer,Email,OH
60189c94c8b50e11d8454f6b,TRUE,2021-02-02T00:28:04.020000Z,2021-02-02T00:28:04.072999Z,consumer,Email,WI
60189c74c8b50e11d8454eff,TRUE,2021-02-02T00:27:32.642000Z,2021-02-02T00:29:09.976999Z,consumer,Email,WI
60189c74c8b50e11d8454eff,TRUE,2021-02-02T00:27:32.642000Z,2021-02-02T00:29:09.976999Z,consumer,Email,WI
60189c94c8b50e11d8454f6b,TRUE,2021-02-02T00:28:04.020000Z,2021-02-02T00:28:04.072999Z,consumer,Email,WI
60189c74c8b50e11d8454eff,TRUE,2021-02-02T00:27:32.642000Z,2021-02-02T00:29:09.976999Z,consumer,Email,WI
60189c74c8b50e11d8454eff,TRUE,2021-02-02T00:27:32.642000Z,2021-02-02T00:29:09.976999Z,consumer,Email,WI
60189c88c8b50e11d8454f2f,TRUE,2021-02-02T00:27:52.817000Z,2021-02-02T00:27:52.868000Z,consumer,Email,WI
60189c74c8b50e11d8454eff,TRUE,2021-02-02T00:27:32.642000Z,2021-02-02T00:29:09.976999Z,consumer,Email,WI
60189c859a1b091205b61de1,TRUE,2021-02-02T00:27:49.145000Z,2021-02-02T00:27:49.192999Z,consumer,Email,WI
60189c74c8b50e11d8454eff,TRUE,2021-02-02T00:27:32.642000Z,2021-02-02T00:29:09.976999Z,consumer,Email,WI
60189c74c8b50e11d8454eff,TRUE,2021-02-02T00:27:32.642000Z,2021-02-02T00:29:09.976999Z,consumer,Email,WI
60189c94c8b50e11d8454f6b,TRUE,2021-02-02T00:28:04.020000Z,2021-02-02T00:28:04.072999Z,consumer,Email,WI
60189c94c8b50e11d8454f6b,TRUE,2021-02-02T00:28:04.020000Z,2021-02-02T00:28:04.072999Z,consumer,Email,WI
60186237c8b50e11d8454d5f,TRUE,2021-02-01T20:19:03.551000Z,,consumer,Email,
60186237c8b50e11d8454d5f,TRUE,2021-02-01T20:19:03.551000Z,,consumer,Email,
601ac1da591789121574dc07,TRUE,2021-02-03T15:31:38.705000Z,2021-02-03T15:31:38.908999Z,consumer,Email,WI
60186237c8b50e11d8454d5f,TRUE,2021-02-01T20:19:03.551000Z,,consumer,Email,
60183e6c9a1b091205b61b49,TRUE,2021-02-01T17:46:20.468000Z,,consumer,Email,SC
601ac195af4b1a1205f7560f,TRUE,2021-02-03T15:30:29.397000Z,2021-02-03T15:34:11.043000Z,consumer,Email,WI
60186237c8b50e11d8454d5f,TRUE,2021-02-01T20:19:03.551000Z,,consumer,Email,
60186237c8b50e11d8454d5f,TRUE,2021-02-01T20:19:03.551000Z,,consumer,Email,
601c6887969c0b11f7d0c81f,TRUE,2021-02-04T21:35:03.045000Z,2021-02-04T21:36:30.188000Z,consumer,Email,WI
601c68d229c30a1227ada484,TRUE,2021-02-04T21:36:18.530000Z,2021-02-04T21:36:18.572000Z,consumer,Email,WI
601c2c05969c0b11f7d0b097,TRUE,2021-02-04T17:16:53.700000Z,2021-02-04T17:20:30.228000Z,consumer,Email,WI
601c2c6a29c30a1227ad93bd,TRUE,2021-02-04T17:18:34.447000Z,2021-02-04T17:18:34.649999Z,consumer,Email,WI
601c2c05969c0b11f7d0b097,TRUE,2021-02-04T17:16:53.700000Z,2021-02-04T17:20:30.228000Z,consumer,Email,WI
55308179e4b0eabd8f99caa2,TRUE,2015-04-17T03:43:53.186000Z,2018-05-07T17:23:40.003000Z,consumer,,WI
60217fa799409b11fcf899fe,TRUE,2021-02-08T18:15:03.714000Z,,consumer,Email,WI
602176c9b57b8a12187fe77e,TRUE,2021-02-08T17:37:13.950000Z,2021-02-08T17:37:13.988999Z,consumer,Email,WI
602176a3b57b8a12187fe717,TRUE,2021-02-08T17:36:35.109000Z,2021-02-08T17:36:35.150000Z,consumer,Email,WI
6022998599409b11fcf89c53,TRUE,2021-02-09T14:17:41.257000Z,2021-02-09T14:18:58.835000Z,consumer,Email,WI
60229990b57b8a12187fe9e0,TRUE,2021-02-09T14:17:52.581000Z,2021-02-09T14:17:52.625999Z,consumer,Email,WI
60229990b57b8a12187fe9e0,TRUE,2021-02-09T14:17:52.581000Z,2021-02-09T14:17:52.625999Z,consumer,Email,WI
59c124bae4b0299e55b0f330,TRUE,2017-09-19T14:07:54.302000Z,2021-02-08T16:42:58.116999Z,fetch-staff,,WI
59c124bae4b0299e55b0f330,TRUE,2017-09-19T14:07:54.302000Z,2021-02-08T16:42:58.116999Z,fetch-staff,,WI
59c124bae4b0299e55b0f330,TRUE,2017-09-19T14:07:54.302000Z,2021-02-08T16:42:58.116999Z,fetch-staff,,WI
59c124bae4b0299e55b0f330,TRUE,2017-09-19T14:07:54.302000Z,2021-02-08T16:42:58.116999Z,fetch-staff,,WI
59c124bae4b0299e55b0f330,TRUE,2017-09-19T14:07:54.302000Z,2021-02-08T16:42:58.116999Z,fetch-staff,,WI
59c124bae4b0299e55b0f330,TRUE,2017-09-19T14:07:54.302000Z,2021-02-08T16:42:58.116999Z,fetch-staff,,WI
59c124bae4b0299e55b0f330,TRUE,2017-09-19T14:07:54.302000Z,2021-02-08T16:42:58.116999Z,fetch-staff,,WI
59c124bae4b0299e55b0f330,TRUE,2017-09-19T14:07:54.302000Z,2021-02-08T16:42:58.116999Z,fetch-staff,,WI
59c124bae4b0299e55b0f330,TRUE,2017-09-19T14:07:54.302000Z,2021-02-08T16:42:58.116999Z,fetch-staff,,WI
6024399defa60112282c0ac9,TRUE,2021-02-10T19:53:01.857000Z,2021-02-10T19:53:02.079000Z,consumer,Email,WI
59c124bae4b0299e55b0f330,TRUE,2017-09-19T14:07:54.302000Z,2021-02-08T16:42:58.116999Z,fetch-staff,,WI
59c124bae4b0299e55b0f330,TRUE,2017-09-19T14:07:54.302000Z,2021-02-08T16:42:58.116999Z,fetch-staff,,WI
59c124bae4b0299e55b0f330,TRUE,2017-09-19T14:07:54.302000Z,2021-02-08T16:42:58.116999Z,fetch-staff,,WI
5f2068904928021530f8fc34,TRUE,2020-07-28T18:04:00.905000Z,2021-02-04T15:30:05.375000Z,fetch-staff,Email,WI
59c124bae4b0299e55b0f330,TRUE,2017-09-19T14:07:54.302000Z,2021-02-08T16:42:58.116999Z,fetch-staff,,WI
59c124bae4b0299e55b0f330,TRUE,2017-09-19T14:07:54.302000Z,2021-02-08T16:42:58.116999Z,fetch-staff,,WI
59c124bae4b0299e55b0f330,TRUE,2017-09-19T14:07:54.302000Z,2021-02-08T16:42:58.116999Z,fetch-staff,,WI
59c124bae4b0299e55b0f330,TRUE,2017-09-19T14:07:54.302000Z,2021-02-08T16:42:58.116999Z,fetch-staff,,WI
59c124bae4b0299e55b0f330,TRUE,2017-09-19T14:07:54.302000Z,2021-02-08T16:42:58.116999Z,fetch-staff,,WI
59c124bae4b0299e55b0f330,TRUE,2017-09-19T14:07:54.302000Z,2021-02-08T16:42:58.116999Z,fetch-staff,,WI
602558b1efa60114d20e5dc7,TRUE,2021-02-11T16:17:53.738000Z,2021-02-11T16:17:53.798000Z,consumer,Email,WI
602538adb54593795bf692ac,TRUE,2021-02-11T14:01:17.332000Z,2021-02-11T14:01:17.388000Z,consumer,Email,WI
60255883efa60114d20e5d4e,TRUE,2021-02-11T16:17:07.502000Z,2021-02-11T16:18:29.219000Z,consumer,Email,WI
602558adb5459313e1e9b7ce,TRUE,2021-02-11T16:17:49.831000Z,2021-02-11T16:17:49.892999Z,consumer,Email,WI
6025388fb54593795bf69234,TRUE,2021-02-11T14:00:47.269000Z,2021-02-11T14:00:47.332000Z,consumer,Email,WI
5fb0a078be5fc9775c1f3945,TRUE,2020-11-15T03:28:56.818000Z,,consumer,Google,AL
60268c7aefa6011bb1510786,TRUE,2021-02-12T14:11:06.240000Z,2021-02-12T14:11:06.294000Z,consumer,Email,WI
5a43c08fe4b014fd6b6a0612,TRUE,2017-12-27T15:47:27.059000Z,2021-02-12T16:22:37.155000Z,consumer,,
5a43c08fe4b014fd6b6a0612,TRUE,2017-12-27T15:47:27.059000Z,2021-02-12T16:22:37.155000Z,consumer,,
5a43c08fe4b014fd6b6a0612,TRUE,2017-12-27T15:47:27.059000Z,2021-02-12T16:22:37.155000Z,consumer,,
5a43c08fe4b014fd6b6a0612,TRUE,2017-12-27T15:47:27.059000Z,2021-02-12T16:22:37.155000Z,consumer,,
5a43c08fe4b014fd6b6a0612,TRUE,2017-12-27T15:47:27.059000Z,2021-02-12T16:22:37.155000Z,consumer,,
60268c69efa6011bb151075f,TRUE,2021-02-12T14:10:49.408000Z,2021-02-12T14:12:07.107000Z,consumer,Email,WI
5a43c08fe4b014fd6b6a0612,TRUE,2017-12-27T15:47:27.059000Z,2021-02-12T16:22:37.155000Z,consumer,,
5fb0a078be5fc9775c1f3945,TRUE,2020-11-15T03:28:56.818000Z,,consumer,Google,AL
5a43c08fe4b014fd6b6a0612,TRUE,2017-12-27T15:47:27.059000Z,2021-02-12T16:22:37.155000Z,consumer,,
5a43c08fe4b014fd6b6a0612,TRUE,2017-12-27T15:47:27.059000Z,2021-02-12T16:22:37.155000Z,consumer,,
5fbc35711d967d1222cbfefc,TRUE,2020-11-23T22:19:29.509000Z,2021-02-26T04:25:51.056999Z,fetch-staff,Email,
5fbc35711d967d1222cbfefc,TRUE,2020-11-23T22:19:29.509000Z,2021-02-26T04:25:51.056999Z,fetch-staff,Email,
5fbc35711d967d1222cbfefc,TRUE,2020-11-23T22:19:29.509000Z,2021-02-26T04:25:51.056999Z,fetch-staff,Email,
5fc961c3b8cfca11a077dd33,TRUE,2020-12-03T22:08:03.936000Z,2021-02-26T22:39:16.799000Z,fetch-staff,Email,NH
5fc961c3b8cfca11a077dd33,TRUE,2020-12-03T22:08:03.936000Z,2021-02-26T22:39:16.799000Z,fetch-staff,Email,NH
5fc961c3b8cfca11a077dd33,TRUE,2020-12-03T22:08:03.936000Z,2021-02-26T22:39:16.799000Z,fetch-staff,Email,NH
5fc961c3b8cfca11a077dd33,TRUE,2020-12-03T22:08:03.936000Z,2021-02-26T22:39:16.799000Z,fetch-staff,Email,NH
5fc961c3b8cfca11a077dd33,TRUE,2020-12-03T22:08:03.936000Z,2021-02-26T22:39:16.799000Z,fetch-staff,Email,NH
5fc961c3b8cfca11a077dd33,TRUE,2020-12-03T22:08:03.936000Z,2021-02-26T22:39:16.799000Z,fetch-staff,Email,NH
5fc961c3b8cfca11a077dd33,TRUE,2020-12-03T22:08:03.936000Z,2021-02-26T22:39:16.799000Z,fetch-staff,Email,NH
5fc961c3b8cfca11a077dd33,TRUE,2020-12-03T22:08:03.936000Z,2021-02-26T22:39:16.799000Z,fetch-staff,Email,NH
5fc961c3b8cfca11a077dd33,TRUE,2020-12-03T22:08:03.936000Z,2021-02-26T22:39:16.799000Z,fetch-staff,Email,NH
5fc961c3b8cfca11a077dd33,TRUE,2020-12-03T22:08:03.936000Z,2021-02-26T22:39:16.799000Z,fetch-staff,Email,NH
5fc961c3b8cfca11a077dd33,TRUE,2020-12-03T22:08:03.936000Z,2021-02-26T22:39:16.799000Z,fetch-staff,Email,NH
5fc961c3b8cfca11a077dd33,TRUE,2020-12-03T22:08:03.936000Z,2021-02-26T22:39:16.799000Z,fetch-staff,Email,NH
5fc961c3b8cfca11a077dd33,TRUE,2020-12-03T22:08:03.936000Z,2021-02-26T22:39:16.799000Z,fetch-staff,Email,NH
5fc961c3b8cfca11a077dd33,TRUE,2020-12-03T22:08:03.936000Z,2021-02-26T22:39:16.799000Z,fetch-staff,Email,NH
5fc961c3b8cfca11a077dd33,TRUE,2020-12-03T22:08:03.936000Z,2021-02-26T22:39:16.799000Z,fetch-staff,Email,NH
5fc961c3b8cfca11a077dd33,TRUE,2020-12-03T22:08:03.936000Z,2021-02-26T22:39:16.799000Z,fetch-staff,Email,NH
5fc961c3b8cfca11a077dd33,TRUE,2020-12-03T22:08:03.936000Z,2021-02-26T22:39:16.799000Z,fetch-staff,Email,NH
5fc961c3b8cfca11a077dd33,TRUE,2020-12-03T22:08:03.936000Z,2021-02-26T22:39:16.799000Z,fetch-staff,Email,NH
5fc961c3b8cfca11a077dd33,TRUE,2020-12-03T22:08:03.936000Z,2021-02-26T22:39:16.799000Z,fetch-staff,Email,NH
5fc961c3b8cfca11a077dd33,TRUE,2020-12-03T22:08:03.936000Z,2021-02-26T22:39:16.799000Z,fetch-staff,Email,NH
5fa41775898c7a11a6bcef3e,TRUE,2020-11-05T15:17:09.396000Z,2021-03-04T16:02:02.025999Z,fetch-staff,Email,
5fa32b4d898c7a11a6bcebce,TRUE,2020-11-04T22:29:33.309000Z,2021-03-04T07:21:58.047000Z,fetch-staff,Google,AL
5fa41775898c7a11a6bcef3e,TRUE,2020-11-05T15:17:09.396000Z,2021-03-04T16:02:02.025999Z,fetch-staff,Email,
5fa41775898c7a11a6bcef3e,TRUE,2020-11-05T15:17:09.396000Z,2021-03-04T16:02:02.025999Z,fetch-staff,Email,
5fa41775898c7a11a6bcef3e,TRUE,2020-11-05T15:17:09.396000Z,2021-03-04T16:02:02.025999Z,fetch-staff,Email,
5fa41775898c7a11a6bcef3e,TRUE,2020-11-05T15:17:09.396000Z,2021-03-04T16:02:02.025999Z,fetch-staff,Email,
5fa41775898c7a11a6bcef3e,TRUE,2020-11-05T15:17:09.396000Z,2021-03-04T16:02:02.025999Z,fetch-staff,Email,
5964eb07e4b03efd0c0f267b,TRUE,2017-07-11T15:13:11.771000Z,2021-03-04T19:07:49.769999Z,fetch-staff,,IL
5fa41775898c7a11a6bcef3e,TRUE,2020-11-05T15:17:09.396000Z,2021-03-04T16:02:02.025999Z,fetch-staff,Email,
5fa41775898c7a11a6bcef3e,TRUE,2020-11-05T15:17:09.396000Z,2021-03-04T16:02:02.025999Z,fetch-staff,Email,
5fa41775898c7a11a6bcef3e,TRUE,2020-11-05T15:17:09.396000Z,2021-03-04T16:02:02.025999Z,fetch-staff,Email,
5fa41775898c7a11a6bcef3e,TRUE,2020-11-05T15:17:09.396000Z,2021-03-04T16:02:02.025999Z,fetch-staff,Email,
5fa41775898c7a11a6bcef3e,TRUE,2020-11-05T15:17:09.396000Z,2021-03-04T16:02:02.025999Z,fetch-staff,Email,
5fa41775898c7a11a6bcef3e,TRUE,2020-11-05T15:17:09.396000Z,2021-03-04T16:02:02.025999Z,fetch-staff,Email,
5fa41775898c7a11a6bcef3e,TRUE,2020-11-05T15:17:09.396000Z,2021-03-04T16:02:02.025999Z,fetch-staff,Email,
5fa41775898c7a11a6bcef3e,TRUE,2020-11-05T15:17:09.396000Z,2021-03-04T16:02:02.025999Z,fetch-staff,Email,
5fa41775898c7a11a6bcef3e,TRUE,2020-11-05T15:17:09.396000Z,2021-03-04T16:02:02.025999Z,fetch-staff,Email,
5fa41775898c7a11a6bcef3e,TRUE,2020-11-05T15:17:09.396000Z,2021-03-04T16:02:02.025999Z,fetch-staff,Email,
5fa41775898c7a11a6bcef3e,TRUE,2020-11-05T15:17:09.396000Z,2021-03-04T16:02:02.025999Z,fetch-staff,Email,
5fa41775898c7a11a6bcef3e,TRUE,2020-11-05T15:17:09.396000Z,2021-03-04T16:02:02.025999Z,fetch-staff,Email,
54943462e4b07e684157a532,TRUE,2014-12-19T14:21:22.381000Z,2021-03-05T16:52:23.204000Z,fetch-staff,,
54943462e4b07e684157a532,TRUE,2014-12-19T14:21:22.381000Z,2021-03-05T16:52:23.204000Z,fetch-staff,,
54943462e4b07e684157a532,TRUE,2014-12-19T14:21:22.381000Z,2021-03-05T16:52:23.204000Z,fetch-staff,,
54943462e4b07e684157a532,TRUE,2014-12-19T14:21:22.381000Z,2021-03-05T16:52:23.204000Z,fetch-staff,,
54943462e4b07e684157a532,TRUE,2014-12-19T14:21:22.381000Z,2021-03-05T16:52:23.204000Z,fetch-staff,,
54943462e4b07e684157a532,TRUE,2014-12-19T14:21:22.381000Z,2021-03-05T16:52:23.204000Z,fetch-staff,,
54943462e4b07e684157a532,TRUE,2014-12-19T14:21:22.381000Z,2021-03-05T16:52:23.204000Z,fetch-staff,,
54943462e4b07e684157a532,TRUE,2014-12-19T14:21:22.381000Z,2021-03-05T16:52:23.204000Z,fetch-staff,,
54943462e4b07e684157a532,TRUE,2014-12-19T14:21:22.381000Z,2021-03-05T16:52:23.204000Z,fetch-staff,,
54943462e4b07e684157a532,TRUE,2014-12-19T14:21:22.381000Z,2021-03-05T16:52:23.204000Z,fetch-staff,,
54943462e4b07e684157a532,TRUE,2014-12-19T14:21:22.381000Z,2021-03-05T16:52:23.204000Z,fetch-staff,,
54943462e4b07e684157a532,TRUE,2014-12-19T14:21:22.381000Z,2021-03-05T16:52:23.204000Z,fetch-staff,,
54943462e4b07e684157a532,TRUE,2014-12-19T14:21:22.381000Z,2021-03-05T16:52:23.204000Z,fetch-staff,,
54943462e4b07e684157a532,TRUE,2014-12-19T14:21:22.381000Z,2021-03-05T16:52:23.204000Z,fetch-staff,,
54943462e4b07e684157a532,TRUE,2014-12-19T14:21:22.381000Z,2021-03-05T16:52:23.204000Z,fetch-staff,,
54943462e4b07e684157a532,TRUE,2014-12-19T14:21:22.381000Z,2021-03-05T16:52:23.204000Z,fetch-staff,,
54943462e4b07e684157a532,TRUE,2014-12-19T14:21:22.381000Z,2021-03-05T16:52:23.204000Z,fetch-staff,,
54943462e4b07e684157a532,TRUE,2014-12-19T14:21:22.381000Z,2021-03-05T16:52:23.204000Z,fetch-staff,,
54943462e4b07e684157a532,TRUE,2014-12-19T14:21:22.381000Z,2021-03-05T16:52:23.204000Z,fetch-staff,,
54943462e4b07e684157a532,TRUE,2014-12-19T14:21:22.381000Z,2021-03-05T16:52:23.204000Z,fetch-staff,,